crp_nm,crp_nm_e,crp_nm_i,stock_cd,ceo_nm,crp_cls,crp_no,bsn_no,adr,hm_url,ir_url,phn_no,fax_no,ind_cd,est_dt,acc_mt
한일시멘트(주),HANILCEMENTCO.,LTD.,한일시멘트,300720,곽의영,Y,1101116799203,4638701012,서울특별시 강남구 강남대로 330 우덕빌딩,www.hanilcement.com,,02-531-7000,02-531-7117,23311,20180702,12
(주)코리아나화장품,COREANA COSMETICS CO., LTD,코리아나,027050,유학수,K,1101110597166,3128107545,충청남도 천안시 서북구 성거읍 삼곡2길 6,www.coreana.co.kr,www.coreana.com,02 -580 -8522,0317227011,20423,19881115,12
(주)에넥스,ENEX CO.,LTD,에넥스,011090,박진규,Y,1101110192635,2208131765,서울특별시 서초구 서초대로73길 40(서초동),www.enex.co.kr,,02-2185-2000,2185-2293,32021,19760304,12
(주)듀오백,DUOBACK CO., LTD.,듀오백,073190,정관영,K,1201110040676,1368107470,인천 서구 가좌동 543-2,duoback.co.kr,,032-816-4814,032-816-4817,32091,19870422,12
(주)티케이케미칼,TK CHEMICAL CORPORATION,티케이케미칼,104480,김해규,K,1101113783457,1078701960,대구광역시 북구 원대로 128 연우빌딩 3층,www.tkchemi.co.kr,,02-2001-6000,02-783-9439,20501,20071109,12
(주)만도,Mando Corporation,만도,204320,정몽원, 송범석 (각자 대표이사),Y,1313110140776,1258625094,경기도 평택시 포승읍 하만호길 32,www.mando.com,,031-680-6114,02-6244-2998,303,20140902,12
(주)선데이토즈,SundayToz Corp,선데이토즈,123420,김정섭,K,1101114291540,1078732726,경기도 성남시 분당구 황새울로360번길 42 9층, 14층,corp.sundaytoz.com,,031-1833-9782,031-706-7466,5821,20100225,12
(주)광림,KANGLIM Co., LTD.,광림,014200,유갑종,K,1201110009268,3018108302,충청북도 청원군 현도면 청남로 484 (주)광림,www.kanglim.com,,043 -260 -9111,043 -260 -9124,301,19800313,12
에이제이렌터카(주),AJ RENT A CAR CO.,LTD.,AJ렌터카,068400,전롱배,Y,1101110577233,1138132864,서울특별시 구로구 서부샛길 822,www.ajrentacar.co.kr,,1544-1600,02-6240-0695,76110,19880603,12
페이퍼코리아(주),PaperCorea Inc.,페이퍼코리아,001020,권육상,Y,2111110000042,4018100013,전라북도 군산시 외항로 1245 페이퍼코리아(주),www.papercorea.co.kr,,063-440-5000,02-730-0371,17121,19530606,12
태광산업(주),TAEKWANG INDUSTRIAL CO.,LTD,태광산업,003240,홍현민, 김형생 (각자 대표이사),Y,1101110185276,2038143626,서울특별시 중구 동호로 310 (장충동2가),www.taekwang.co.kr,,02-3406-0300,02-3406-0428,20501,19610915,12
(주)풀무원,Pulmuone Co., Ltd,풀무원,017810,이효율,Y,1101110375439,3158101744,충청북도 음성군 대소면 삼양로 730-27,www.pulmuone.co.kr,,043-879-4500,02-2040-4899,64992,19840531,12
(주)로지시스,LOGISYS INC.,로지시스,067730,이규현,K,1101111293119,1058180119,서울특별시 마포구 독막로 281,www.logisys.co.kr,,02-2125-6300,02-2125-6400,62090,19960704,12
현대해상화재보험(주),HYUNDAIMARINE&FIREINSURANCECO.,LTD.,현대해상,001450,이철영, 박찬종,Y,1101110035893,1028132035,서울특별시 종로구 세종로 현대해상화재보험빌딩,www.hi.co.kr,,02-1588-5656,732-5683,65121,19550305,12
(주)뉴로스,NEUROS Co., Ltd.,뉴로스,126870,김승우,K,1601110098073,3058137658,대전광역시 유성구 테크노2로 274 (탑립동),www.neuros.co.kr,,042-865-7300,042-865-7307,29173,20000509,12
코오롱글로텍(주),KOLON GLOTECH, INC.,코오롱글로텍,,최석순,E,1101110524838,2028144675,서울특별시 강서구 마곡동로 110 (마곡동, 코오롱one&only타워),www.kolonglotech.co.kr,,3677-5826,3677-5901,4521,19870325,12
동양파일(주),TONGYANG PILE Inc.,동양파일,228340,김시년, 한웅걸(각자 대표이사),K,1648110073035,3128653248,충청남도 아산시 염치읍 아산온천로 16-127,www.tongyangphc.com,,02-3770-3157,02-545-5775,23325,20130612,12
(주) 승일,SEUNG IL Corporation,승일,049830,현창수,K,1201110007204,1378101955,충청남도 천안시 서북구 직산읍 4산단1길 10,WWW.SEUNG IL CAN.Co.Kr,,032 -578 -1811,02-2186-1279,259,19781226,12
(주)우주일렉트로닉스,UJU ELECTRONICS CO., LTD,우주일렉트로,065680,노영백,K,1348110043711,1248165313,경기도 화성시 양감면 초록로532번길 61,www.uju.com,,031-371-3700,(031)371-3800,2629,19990816,12
(주)하이로닉,Hironic Co.,Ltd,하이로닉,149980,이진우,K,1101113802992,2068621359,경기도 용인시 수지구 신수로 767 19층(동천동, 분당수지U-TOWER),www.hironic.com,,031-698-4900,031-525-7010,27199,20071211,12
제이더블유생명과학(주),JW LIFESCIENCE CORPORATION,JW생명과학,234080,차성남,Y,1350110057395,1338125692,충청남도 당진시 송악읍 한진1길 28,www.jw-lifescience.co.kr,,041-351-7600,041-351-7655,21210,19940510,12
풀무원식품 (주),Pulmuone Foods Co., Ltd.,풀무원식품,103160,박남주,E,1545110039324,3038151649,충청북도 음성군 대소면 삼양로 730-27,-,,02-2040-4300,070-7016-1059,46,20080701,12
(주)하임바이오,HaimBio Co.,Ltd.,하임바이오,,김홍렬,E,1101114693308,1098631158,서울특별시 성북구 안암로 145 703-2호 고려대학교 산학관(안암동5가, 고려대학교안암캠퍼스),www.haimbio.com/,,02-577-1373,070-8677-1373,46443,20110926,12
(주)케이티스,ktis Corporation,케이티스,058860,이응호,Y,1101112271510,1018171660,서울특별시 영등포구 여의대로 14 케이티빌딩 10층,www.ktis.co.kr,,02-3215-2054,02-3215-2059,63991,20010627,12
(주)마제스타,Majestar Co., Ltd.,마제스타,035480,윤덕태,K,1101111535272,2208151330,제주특별자치도 서귀포시 중문관광로72번길 75 (색달동),www.majestar.asia,http://majestar.asia/kor/ir/ir01.php,064-730-1100,02-431-1084,91249,19980415,12
(주)에스마크,SMARK CO.,LTD,에스마크,030270,신희주,K,1511110001366,3038103040,충청북도 충주시 가주농공2길 21,www.s-mark.co.kr,,02 -757 -9171,02-757-9179,13101,19860528,12
(주)태양,TAEYANG Corporation,태양,053620,현창수,K,1615110006118,3128107206,충청남도 천안시 서북구 업성1길 27 태양산업(주),www.taeyangsun.co.kr,,(041)621-9820,041-621-9822,25991,19891014,12
한국맥널티(주),Mcnulty Korea Co., Ltd,한국맥널티,222980,이은정,K,1101111495971,2148620763,충청남도 천안시 서북구 성환읍 연암율금로 42,www.mcnultykorea.co.kr,,031-376-1383,031-946-1431,10791,19971219,12
(주)대림제지,DaelimPaper,대림제지,017650,류 창 승,K,1348110003020,1248132409,경기 오산시 누읍동 7,www.daelimpaper.co.kr,,031 -373 -7670,0313730662,179,19840321,12
현대건설(주),HYUNDAI ENGINEERING & CONSTRUCTION CO.,LTD,현대건설,000720,박동욱,Y,1101110007909,1018116293,서울특별시 종로구 율곡로 75,www.hdec.kr,,02-746-1114,02-746-4846,41221,19500110,12
(주)종근당,Chong Kun Dang Pharmaceutical Corp.,종근당,185750,김영주,Y,1101115260669,1108608069,서울 서대문구 충정로3가 3가 368 종근당빌딩,www.ckdpharm.com,,02-2194-0300,02-2194-0417,21210,20131105,12
넷마블(주),Netmarble Corporation,넷마블,251270,권영식,Y,1101114731299,1058764746,서울특별시 구로구 디지털로 300 (구로동, 지밸리비즈플라자),www.netmarble.com,,02-2271-7114,,5821,20111117,12
한국유리공업(주),HANKUK GLASS INDUSTRIES CO.,LTD,한국유리공업,002000,이용성,E,1101110027345,1168100115,서울특별시 강남구 테헤란로 211 10층 (역삼동, 한국고등교육재단빌딩),www.hanglas.co.kr,,02-3706-9078,02-771-5340,23111,19570325,12
(주)신한,SHINHAN ENGINEERING & CONSTRUCTION CO.,LTD,신한,005450,조경선,Y,1101110087018,1168108311,경기도 성남시 중원구 산성대로 208,www.seco.co.kr,,02-369-0001,02-369-0080,41121,19680228,12
주식회사 파이널데이터,FINALDATA, INC.,파이널데이터,,이채홍,E,1101111734767,1208191328,서울특별시 강남구 학동로 175 미디어센타빌딩 7층,www.finaldata.com,,02-3438-6610,02-3438-6604,58221,19990714,12
(주)영원무역,Youngone Corporation,영원무역,111770,성기학,Y,1101114129585,1048621617,서울특별시 중구 만리재로 159,-,,390-6114,02-390-6604,46800,20090702,12
삼성중공업(주),SAMSUNG HEAVY INDUSTRIES CO.,LTD,삼성중공업,010140,남준우,Y,1101110168595,1208152780,경기도 성남시 분당구 판교로227번길 23 삼성중공업 판교R&D센터,www.samsungshi.com,,031-5171-7000,031-5171-7124,3111,19740805,12
(주)한진중공업홀딩스,HANJIN HEAVY IND. & CONST. HOLDINGS CO., LTD,한진중공업홀딩스,003480,조남호, 조원국,Y,1101110110083,6018108008,경기도 남양주시 별내3로 391 관리동 1층,www.hhic-holdings.com,,051-410-3114,02-450-8127,64992,19370710,12
(주)에스원,S-1 CORPORATION,에스원,012750,육현표, 키다코이치,Y,1101110221939,2088113302,서울 중구 순화동 168 에스원빌딩 17층 총무팀,www.s1.co.kr,,00-1588-3112,02-2131-8379,75320,19771128,12
대우정보시스템주식회사,Daewoo Information System Co., Ltd.,대우정보시스템,,이태하,E,1101110625991,1048118820,서울특별시 종로구 종로33길 15 (연지동, 두산아트센터),www.daewoobrenic.com,,02-3704-6095,02-6007-9825,62021,19890429,12
(주)케이엘넷,KL-Net Corp.,케이엘넷,039420,강범구, 정지원 (각자 대표이사),K,1101111023889,2208102504,서울 강남구 역삼로 155(역삼동 748-14),www.klnet.co.kr,,02-538-0236,(02)538-3626,61299,19940330,12
SK(주),SK Holdings Co., Ltd.,SK,034730,최태원, 장동현,Y,1101110769583,2208116503,서울특별시 종로구 종로 26 SK주식회사,www.sk.co.kr,,02-2121-5114,02-2121-1789,64992,19910413,12
(주)대호에이엘,DAEHO AL Co.,Ltd.,대호에이엘,069460,노영호,Y,1701110233338,5148146009,대구광역시 달성군 논공읍 논공중앙로 211,www.daeho-al.com,,053-610-5400,053-610-5428,24222,20021001,12
하나마이크론(주),HanaMicronInc.,하나마이크론,067310,이동철,K,1648110021208,3128150630,충남 아산시 음봉면 원남리 95-1번지,www.hanamicron.co.kr,,041-539-1011,041-539-1196,2611,20010823,12
(주)케이엠에이치,KMH Co., Ltd.,KMH,122450,한찬수,K,1101112093237,1018163762,서울특별시 양천구 목동서로 201 KT정보전산센터 7층,www.ikmh.co.kr,http://www.ikmh.co.kr/new_home/03_IR/01_stock.php,02-2647-1255,02-2647-1203,60221,20001019,12
(주)다우기술,DAOU TECHNOLOGY INC,다우기술,023590,김윤덕,Y,1101110414758,2208102810,경기도 용인시 수지구 디지털벨리로 81 디지털스퀘어 6층,www.daou.co.kr,,070-8707-1000,02-6008-8601,631,19860109,12
JW홀딩스(주),JW HOLDINGS CORPORATION,JW홀딩스,096760,이경하, 한성권,Y,1101113710468,1088180331,서울특별시 서초구 남부순환로 2477,jw-holdings.co.kr,,02-840-6777,02-843-7696,64992,20070703,12
코오롱플라스틱(주),KOLON PLASTICS, INC.,코오롱플라스틱,138490,김영범,Y,1713110003504,5108105710,경상북도 김천시 공단3길 64 (응명동),www.kolonplastics.com,,054-420-8371,02-3677-3289,20202,19960315,12
(주)케이에이치바텍,KH VATEC Co., LTD,KH바텍,060720,남광희,K,1760110007234,5138106659,경상북도 구미시 1공단로10길 53-12 (주)KH바텍,www.khvatec.com,,054-465-0630,054-465-0345,2629,19921123,12
(주)바른전자,Barun Electronics Co., Ltd.,바른전자,064520,황만한,K,1211110060136,1308155315,경기도 화성시 동탄면 경기동로 548,www.bec.co.kr,,031-8020-6000,(031)322-3269,2612,19980217,12
깨끗한나라(주),KleanNara Co., Ltd.,깨끗한나라,004540,최현수, 김민환,Y,1101110063779,2018112618,서울특별시 중구 삼일대로6길 5 신조양빌딩 8층,www.kleannara.com,,02-2270-9200,02-2270-9242,1712,19660307,12
(주)판도라티비,PANDORA TV CO.,LTD.,판도라티비,202960,김경익,N,1101111642738,2208157969,경기도 성남시 분당구 대왕판교로644번길 49 DTC타워 11층,www.pandora.tv,,070-4484-7100,02-525-1620,58221,19990129,12
미래에셋대우(주),MIRAE ASSET DAEWOO CO.,LTD.,미래에셋대우,006800,최현만, 조웅기,Y,1101110011679,1168105556,서울특별시 중구 을지로5길 26 미래에셋 센터원빌딩 이스트타워,www.miraeassetdaewoo.com,,02-768-3355,02-768-2119,66121,19700923,12
이베스트투자증권(주),EBEST INVESTMENT & SECURITIES Co., Ltd.,이베스트투자증권,078020,김원규,K,1101111828362,1078174175,서울특별시 영등포구 여의대로 14 (여의도동)KT빌딩 17층,www.ebestsec.co.kr,,02-3779-0100,783-6224,66121,19991215,12
(주)서한,Seohan,서한,011370,조 종 수,K,1701110023002,5028116195,대구광역시 수성구 명덕로 415 서한빌딩,www.seo-han.co.kr,,053 -741 -9980,053 -743 -0533,41112,19760512,12
(주)굿센,Goodcen Co., Ltd.,굿센,243870,박연정,N,1101113091107,1078655213,서울특별시 서초구 반포대로 22, 7층(서초동, 서초평화빌딩),www.goodcen.com,,02-368-8055,02-368-8099,62021,20040930,12
(주)LG,LG Corp.,LG,003550,구광모, 권영수,Y,1101110003543,1168118750,서울특별시 영등포구 여의대로 128,www.lg.co.kr,,02-3773-5114,02-3773-2292,64992,19470105,12
에스지에이임베디드(주),SGA Embedded Co., Ltd.,SGA임베디드,224880,구천열, 은유진(각자대표),N,1353110014761,1388163842,서울특별시 송파구 법원로11길 25에이동 908호(문정동, 에이치비지니스파크),www.sgaemb.kr,,070-7410-9319,02-529-3686,582,20101126,12
(주)KB금융지주,KB Financial Group Inc.,KB금융,105560,윤종규,Y,1101113975517,2018608254,서울특별시 영등포구 국제금융로8길 26 (여의도동, 국민은행 여의도본점),www.kbfg.com,,02-2073-7114,,64992,20080929,12
(주)엔씨소프트,NCsoft Corporation,엔씨소프트,036570,김택진,Y,1101111387748,2208143000,서울특별시 강남구 테헤란로 509(삼성동),www.ncsoft.net,,02-2186-3300,02-6201-7787,582,19970311,12
(주)동원엔터프라이즈,Dongwon Enterprise Co.,Ltd,동원엔터프라이즈,,박인구,E,1101112217572,2148679828,서울특별시 서초구 마방로 68 (양재동, 동원산업빌딩),,,02-589-3874,02-589-3022,64992,20010416,12
롯데칠성음료(주),LOTTE CHILSUNG BEVERAGE CO.,LTD,롯데칠성음료,005300,이영구, 김태환,Y,1101110003684,2148107770,서울특별시 서초구 서초대로70길 15,company.lottechilsung.co.kr,,02-3479-9114,02-535-8619,11209,19671129,12
(주)네이처셀,NATURECELL CO.,LTD.,네이처셀,007390,라정찬,K,1243110005721,1308105606,서울특별시 영등포구 국회대로76길 10 5층,www.rnlsamml.com,,02-3472-1681,02-6952-1012,11209,19710806,12
신송홀딩스(주),SINGSONGHOLDINGS,신송홀딩스,006880,조갑주,Y,1101110038061,1168104391,서울특별시 영등포구 여의나루로 53-1,www.singsongholdings.com,,027801400,02-761-4569,64992,19701105,12
(주)예스코홀딩스,Yesco Holdings Co., Ltd.,예스코홀딩스,015360,구자철,Y,1101110290778,2188106851,서울특별시 용산구 한강대로 92 LS 용산타워,www.yescoholdings.com,,02-3390-3010,3390-3011,64992,19810305,12
에이치디씨(주),HDC HOLDINGS CO.,Ltd,HDC,012630,정몽규,Y,1101110279433,1148158853,서울특별시 강남구 영동대로 520 아이파크타워,www.i-park.com,,02-2008-9114,02-2008-9009,649,19771014,12
(주)리독스바이오,RedoxBio CO.,Ltd.,리독스바이오,,김수지,E,1101114421436,2148864601,경기도 화성시 향남읍 제약공단3길 83 (상신리),www.redoxbio.co.kr,,0313536451,0313536452,21210,20100826,12
(주)케이지이니시스,KGINICIS CO.,LTD.,KG이니시스,035600,유승용,K,1101111602667,2208155597,서울특별시 중구 통일로 92 케이지타워 14,15층,www.inicis.com,,(02)3430-5913,02-3430-5998,58221,19981103,12
아이리버,IRIVER LIMITED,아이리버,060570,이기영,K,1101111637383,2148629288,서울특별시 서초구 방배로18길 5 BH빌딩,www.iriver.co.kr,,(02)3019-1700,0230197576,265,19990120,12
(주)사람인에이치알,SaraminHR Co., Ltd.,사람인에이치알,143240,김용환,K,1101113318387,1138600917,서울특별시 구로구 디지털로34길 43 코오롱싸이언스밸리1차 201호,www.saramin.co.kr,,02-2025-4733,02-6937-0035,63120,20051007,12
(주)나이스디앤비,NICE D&B CO., LTD.,나이스디앤비,130580,노 영 훈,K,1101112629347,1078624874,서울특별시 마포구 마포대로 217 (아현동),www.nicednb.com,,02-2122-2370,02-2122-2543,75993,20021101,12
금호타이어(주),KUMHO TIRE CO., INC.,금호타이어,073240,전대진,Y,1101112810590,1018195610,광주광역시 광산구 어등대로 658,www.kumhotire.co.kr,,02-6303-8114,02-6303-8159,22111,20030630,12
에이피에스홀딩스(주),APS Holdings Corporation,APS홀딩스,054620,정기로,K,1101111315286,2298122962,경기도 화성시 동탄면 동탄산단9길 23-12 (동탄면),www.apsholdings.co.kr,,031-776-1800,031-776-1900,64992,19960829,12
동양생명보험(주),TONGYANG LIFE INSURANCE CO.,LTD.,동양생명,082640,뤄젠룽(Luo, Jian Rong),Y,1101110624688,2028138251,서울특별시 종로구 종로 33 (청진동),www.myangel.co.kr,,02-1577-1004,02-771-1347,65110,19890701,12
에스케이이엔에스(주),SK E&S Co., Ltd.,에스케이이엔에스,,유정준,E,1101111632979,1168171167,서울특별시 종로구 종로 26 SK빌딩 16층 재무기획팀,www.skens.com,www.skens.com,02-2121-3185,02-2121-3189,35113,19990113,12
지스마트 주식회사,G-SMATT CO., LTD.,지스마트,,이호준,E,1101113236662,2118765996,경기도 평택시 청북면 청북중앙로 298-42 (삼계리),www.g-smatt.com,,07051062810,07051062845,26211,20050602,12
(주)트루윈,Truwin Company Limited,트루윈,105550,남용현,K,1601110207244,3148182384,대전광역시 유성구 엑스포로 385 (주)트루윈,www.truwin.co.kr,,042-612-5000,042-933-0250,2629,20060512,12
(주)제노포커스,GenoFocus, Inc.,제노포커스,187420,김의중,K,1601110095821,3148132185,대전광역시 유성구 테크노1로 65(관평동),www.genofocus.com,,042-862-4483,042-862-4484,211,20000329,12
(주)세종메디칼,SEJONG MEDICAL Co.Ltd.,,세종메디칼,258830,정현국,K,2849110088798,1418120572,경기도 파주시 신촌2로 11,www.sejongmedical.com,,031-945-8191,0319458190,27199,20100803,12
이엘케이(주),ELKCorporation,이엘케이,094190,신동혁,K,1601110081614,3068135105,대전광역시 유성구 테크노2로 89 이엘케이대덕공장,www.elk.co.kr,,042-939-9300,042-939-9350,26299,19990428,12
하나금융11호기업인수목적(주),Hana Financial Eleventh Special Purpose Acquisition Company,하나금융11호스팩,284620,남강욱,K,1101116558469,7848700768,서울특별시 영등포구 의사당대로 82,,,02-3771-3423,02-3771-3619,66199,20171103,12
넥슨지티(주),Nexon GT Co., Ltd.,넥슨지티,041140,신지환,K,1101110984587,1268115901,경기도 성남시 분당구 판교로 256번길 25 (삼평동, 판교테크노밸리 씨3-7비동),www.gamehi.net,,02-525-6603,0317792503,5821,19931108,12
(주) 유진로봇,Yujin Robot Co., Ltd.,유진로봇,056080,신 경 철,K,1101110991467,2118642832,인천광역시 연수구 하모니로187번길 33 송도동,www.yujinrobot.com,,032-550-2304,02-2026-1440,292,19931207,12
(주)에스엠면세점,SM dutyfree Co., Ltd.,에스엠면세점,,김태훈,E,1101115494961,1078827900,서울특별시 종로구 인사동5길 41 (공평동, 하나빌딩),www.smdutyfree.com,,02-2120-6735,,471,20140820,12
아이진(주),EyeGene,Inc,아이진,185490,유원일,K,1101112005018,1018160412,서울특별시 강서구 양천로 401 B동 910호 (가양동, 강서한강자이타워),www.eyegene.co.kr,www.eyegene.co.kr,02-322-1687,02-302-4359,70113,20000623,12
현대엘리베이터(주),HYUNDAI ELEVATOR CO.,LTD,현대엘리베이터,017800,장병우,Y,1344110001519,1268104267,경기도 이천시 부발읍 경충대로 2091 현대엘리베이터(주),www.hyundaielevator.co.kr,,031-644-5114,031-637-6138,29162,19840523,12
태림포장(주),Tailim Packaging Co., Ltd,태림포장,011280,김영식,Y,1301110010015,1338122623,경기도 시흥시 공단1대로379번안길 74,www.tailim.com,,031-499-3333,031)498-1115,1721,19760412,12
엘컴텍(주),ELCOMTEC CO.,LTD,엘컴텍,037950,김영민,K,1348110015546,1248115996,경기 평택시 진위면 갈곶리 110-1,www.elcomtec.co.kr,,031-379-5258,031-372-6755,26291,19910913,12
(주)유에스티,UST CO., LTD.,유에스티,263770,김종식,K,1101116298148,2748800730,경상북도 포항시 남구 철강로 290 (주)유에스티,www.u-st.co.kr,,02-6121-6778,02-6121-6779,241,20170123,12
삼륭물산(주),Samryoong,삼륭물산,014970,조홍로,K,1156110001401,1288103148,경기도 파주시 월롱면 통일로644번길 35,www.srpack.com,,032-321-0091,032-321-1851,17223,19800825,12
(주)투비소프트,TOBESOFT Co., Ltd.,투비소프트,079970,조강희,K,1101112021395,2118661993,서울특별시 강남구 봉은사로 617 인탑스빌딩 3, 4, 5층 (삼성동),www.tobesoft.com,,02-2140-7700,02-2140-7799,58221,20000710,12
(주)키다리스튜디오,KidariStudio, Inc.,키다리스튜디오,020120,김영훈,Y,1101110539382,1068149784,서울특별시 마포구 독막로 311 재화스퀘어 12층,www.kidaristudio.com,,02-6320-8500,02-6320-8585,631,19870729,12
한양디지텍(주),HANYANG DIGITECH CO.,LTD.,한양디지텍,078350,김형육/김윤상 각자대표,K,1348110094160,1248619959,경기도 화성시 삼성1로 332-7,www.hanyangdgt.com,,031-273-8600,031-204-0383,2611,20040419,12
(주)시그넷이브이,SIGNET EV INC.,시그넷이브이,260870,-,N,2058110018148,3678800497,전라남도 영광군 대마면 전기차로 49,www.signetev.com,,070-4618-6057,070-4324-6192,2811,20161213,12
(주)테스나,TESNA Inc.,테스나,131970,이종도,K,1311110082427,1298154164,경기도 평택시 산단로 16번길 72,www.tesna.co.kr,,031-646-8500,070-4015-6488,739,20020906,12
주식회사 우리카드,Woori Card Co., Ltd.,우리카드,,정원재,E,1101115101839,1018679070,서울특별시 종로구 종로1길 50 (중학동, 더케이트윈타워),www.wooricard.com,,1588-9955,02-3701-9058,64913,20130401,12
케이지이티에스 주식회사,KG Eco Technology Services Co., Ltd.,KG ETS,151860,엄기민,K,1101111799183,2148640997,경기도 시흥시 소망공원로 5 (정왕동) KG ETS(주),www.kgets.co.kr,,031-488-1122,031-499-1472,382,19991029,12
인포뱅크(주),InfoBankCorporation,인포뱅크,039290,박태형,K,1101111166803,1148166066,경기도 성남시 분당구 대왕판교로 660 유스페이스1 A동 12층,www.infobank.net,,031-628-1500,031-628-1800,639,19950614,12
한국컴퓨터(주),KOREA COMPUTER INC.,한국컴퓨터,054040,강창귀,K,1760110008737,5138108185,경상북도 구미시 임수로 24,www.kci.co.kr,,041-589-3320,041-584-2100,2629,19940912,12
(주)코오롱,KOLON CORPORATION,코오롱,002020,유석진,Y,1101110030528,2028144660,경기 과천시 별양동 1-23 코오롱타워,www.kolon.com,,02-3677-3114,3677-3389,64992,19570412,12
