crp_nm,crp_nm_e,crp_nm_i,stock_cd,ceo_nm,crp_cls,crp_no,bsn_no,adr,hm_url,ir_url,phn_no,fax_no,ind_cd,est_dt,acc_mt
(주)윈스,Wins Co., Ltd.,윈스,136540,김대연,K,1311110272002,1298655101,경기도 성남시 분당구 판교로228번길 15 (삼평동) 판교세븐벤처밸리 윈스동,www.wins21.co.kr,,031-622-8600,031-622-8601,62021,20110105,12
(주)경동나비엔,KYUNG DONG NAVIEN CO.,LTD,경동나비엔,009450,손연호,Y,1347110001159,1258101234,경기도 평택시 서탄면 수월암길 95 -,www.kdnavien.co.kr,,031-8060-5500,031)659-1111,28520,19781113,12
(주)도화엔지니어링,DOHWA ENGINEERING Co., Ltd.,도화엔지니어링,002150,김영윤, 박승우, 노진명, 곽준상,Y,1101110037740,2118108009,서울특별시 강남구 삼성로 438 도화타워,www.dohwa.co.kr,,02-6323-3032,02-508-6543,72121,19620505,12
바디텍메드(주),Boditech Med Inc.,바디텍메드,206640,최의열,K,1101115527168,1078830220,강원도 춘천시 동내면 거두단지1길 43 -,없음,,02-2004-4938,02-2004-4010,213,20140930,12
유안타증권(주),Yuanta Securities Korea Co., Ltd.,유안타증권,003470,서명석, 황웨이청,Y,1101110042492,1168134293,서울 중구 을지로2가 185번지 동양종합금융증권빌딩,www.yuantakorea.com,,02-3770-2000,02-3770-2411,66121,19620604,12
(주)알로이스,ALOYS Inc.,알로이스,271400,권충식,N,1311110423663,3988100172,경기도 성남시 중원구 양현로405번길 4-5 3층,www.aloys.co.kr,,07086805501,031-709-0262,26421,20150921,12
나라엠앤디(주),NARA MOLD AND DIE CO., LTD.,나라엠앤디,051490,김영조, 박임서(각자 대표이사),K,1942110033580,6098135789,경상남도 창원시 성산구 공단로 675 나라엠앤디(주),www.naramnd.com,,055-239-3600,055-239-3694,29294,19990219,12
한국유나이티드제약(주),KOREA UNITED PHARM INC,유나이티드,033270,강덕영,Y,1342110002769,3078105244,세종특별자치시 전동면 노장리 404-10,www.kup.co.kr,,02 -516 -3041,02-516-2878,21210,19871203,12
지엘팜텍(주),GL Pharm Tech Corp.,지엘팜텍,204840,왕훈식,K,1101115478626,1078825483,경기도 성남시 중원구 사기막골로 137 중앙인더스피아5차 714호,www.glpt.co.kr,www.glpt.co.kr,031-739-5220,02-6915-5804,70113,20140729,12
(주)한국스탠다드차타드은행,Standard Chartered Bank Korea Ltd,한국스탠다드차타드은행,000110,박종복,E,1101110013419,1028121843,서울특별시 종로구 종로 47,www.standardchartered.co.kr,,02-3702-3114,02-3702-4963,64121,19290701,12
주식회사 더 미동,THE MIDONG Co,. Ltd,THE MIDONG,161570,후성양(HU SHENGYANG),K,1101114122604,2148844319,서울특별시 서초구 남부순환로 2652 대명빌딩 7층,www.mdncinema.com,,070-7425-0614,02-572-0614,26519,20090624,12
(주)파인디지털,FINEDIGITAL Inc.,파인디지털,038950,김용훈,K,1101110896683,2138191028,경기도 성남시 분당구 성남대로925번길 41,www.finedigital.com,,031-788-8800,031-788-8720,2642,19921020,12
(주)오킨스전자,OKins Electronics Co.,Ltd.,오킨스전자,080580,전진국,K,1341110059845,1388116581,경기도 의왕시 오전공업길 13, 6층 (오전동, 벽산선영테크노피아),www.okins.co.kr,,031-460-3500,031-460-3588,262,19980413,12
사조동아원(주),SAJODONGAONE CO.,LTD,사조동아원,008040,이인우, 노동환,Y,1244110000662,1368101103,서울특별시 서초구 방배천로2길 12 사조빌딩,www.dongaone.com,,02-789-9524,02-789-5109,106,19720726,12
신화인터텍(주),SHINWHA INTERTEK CORP.,신화인터텍,056700,김학태,K,1348110011677,1248135935,충남 천안시 동남구 병천면 매봉로 308,www.shinwha.com,,041-590-3300,041-590-3306,2229,19880527,12
(주)화신정공,HWASHIN PRECISION CO., LTD.,화신정공,126640,정 서 진,K,1101114339415,1078735359,경상북도 영천시 도남공단3길 96,hsp.hwashin.co.kr,,054-330-5151,054-331-7568,303,20100428,12
(주)피엔아이컴퍼니,PNIcompany.Co.,Ltd.,피엔아이컴퍼니,242350,신재중,N,1101113044651,1148637585,제주특별자치도 제주시 첨단로 245-2,www.pnisys.com,,070-8610-5333,064-702-4180,591,20040706,12
(주)오공,OKONG Corporation,오공,045060,김윤정, 조한창,K,1243110001513,1308101293,인천광역시 남동구 함박뫼로 341,www.okong.com,,032 -822 -5050,032-812-5050,20493,19740912,12
경동제약(주),KyungdongPharm,경동제약,011040,류덕희, 류기성,K,1201110003765,1248135518,경기도 화성시 양감면 제약단지로 224-3,www.kdpharma.co.kr,,02 -576 -6121,02-577-5195,21210,19760212,12
(주)디스플레이테크,Display Tech Co.,Ltd,디스플레이텍,066670,박윤민,K,1760110017077,5138113956,경기도 안성시 공단1로 10 (주)디스플레이테크,www.displaytech.co.kr,,070-7015-3811,031-740-2580,26211,19980804,12
(주)브레인콘텐츠,Brain Contents CO.,LTD.,브레인콘텐츠,066980,장대용, 강진원,K,1313110026091,1258126555,서울특별시 강남구 테헤란로 325 어반벤치빌딩 12층,www.braincontents.kr,,02-2017-7933,02-6196-7938,639,19980924,12
주식회사 용평리조트,YONG PYONG RESORT CORPORATION,용평리조트,070960,신달순,Y,1450110002801,2268124374,강원도 평창군 대관령면 올림픽로 715,www.yongpyong.co.kr,,033-330-8350,033-335-5769,55103,20000214,12
대한제분(주),DAEHAN FLOUR MILL CO.,LTD,대한제분,001130,이건영, 박현용,Y,1101110003733,1048104345,서울특별시 중구 세종대로 39,www.dhflour.co.kr,,02-3455-0200,02)755-9975,10612,19521225,12
글로벌텍스프리(주),Global Tax Free Co., Ltd.,글로벌텍스프리,204620,강진원,K,1101115480233,1048656135,서울특별시 중구 퇴계로 131 9층(충무로2가, 신일빌딩),global-taxfree.com,,02-518-0837,,661,20140731,12
주식회사 삼양옵틱스,SAMYANG OPTICS CO., LTD,삼양옵틱스,225190,황충현,K,1942110216483,6088600017,경상남도 창원시 마산회원구 자유무역6길 123,www.syopt.co.kr,,055-250-5600,055-292-3135,273,20130802,12
(주)이건홀딩스,EAGON HOLDINGS CO., LTD.,이건홀딩스,039020,안기명,K,1301110028935,1348101053,인천 남구 도화동 967-3,www.eagon.com,,032-760-0552,032-232-0465,64992,19880414,12
(주)신원,SHINWON CORPORATION,신원,009270,박정주,Y,1101110152770,1058111908,서울특별시 마포구 독막로 328 신원빌딩,www.sw.co.kr,,02-3274-5000,3274-5139,14112,19730926,12
(주)코스메랩,COSMELAB CO.,LTD,코스메랩,,박진영,E,1101113453779,2158685075,서울특별시 강남구 테헤란로28길 42 (역삼동) 씨엘빌딩 2,3층,cosmelab.com,,070-8798-3083,02-3478-0942,20423,20060509,12
성우전자(주),SUNGWOOELECTRONICSCO.,LTD.,성우전자,081580,오준호,조일현(각자 대표이사),K,1243110020000,1228122467,경기도 안산시 단원구 번영로 68 (성곡동, 시화공단 4마 606호),www.swei.co.kr,,031-362-3100,0313623199,2642,19870826,12
동아타이어공업주식회사,DONG AH TIRE & RUBBER CO.,LTD,동아타이어,282690,김만수, 김상헌,Y,2341110096698,6018600898,경상남도 양산시 유산공단11길 11,www.dongahtire.co.kr,,055-389-0011,0553827736,22111,20171102,12
(주)알파홀딩스,Alpha Holdings, Inc.,알파홀딩스,117670,김영선, 구희도,K,1345110066131,1358158772,경기도 성남시 분당구 삼평동 688-1 엠텍아이티타워 8층,www.alphachips.com,,070-4600-0000,031-209-1819,2611,20021101,12
웰바이오텍(주),WELLBIOTEC CO.,LTD,웰바이오텍,010600,구세현,Y,1101110179659,1198104065,서울특별시 강남구 영동대로106길 17 5층,www.wellbiotec.co.kr,www.wellbiotec.co.kr,02-6902-1300,02)864-1071,461,19750419,12
아남전자(주),ANAM ELECTRONICS CO.,LTD,아남전자,008700,김태수,Y,1201110018300,1228102613,서울특별시 구로구 디지털로27가길 27아남빌딩,www.aname.co.kr,,02-6424-4700,02-6424-4799,265,19730420,12
디비금융제6호기업인수목적(주),DB Finance No.6 Special Purpose Acquisition Co., Ltd.,DB금융스팩6호,306620,김창희,K,1101116852431,3358701207,서울특별시 영등포구 국제금융로8길 32,,,02-369-3972,02-761-2305,66199,20180824,12
(주)네오팜,NeopharmCO.,LTD.,네오팜,092730,이주형,K,1601110100688,3058138977,대전 유성구 탑립동 928번지,neopharm.co.kr,,042-864-0038,042-864-0039,20423,20000701,12
(주)대유플러스,DAYOU PLUS CO.,LTD,대유플러스,000300,조상호,Y,1101110085541,1198101490,광주광역시 광산구 소촌로123번길 40-16 2층(소촌동),www.dayouplus.co.kr,,031-737-7000,0313524915,26410,19671230,12
(주)씨엔플러스,CNPLUS Co., Ltd.,씨엔플러스,115530,문원식,K,1201110330796,1318182038,경기도 시흥시 시화벤처로 325 -,www.icnplus.com,,032-813-0970,032-813-0977,262,20031110,12
(주)선익시스템,SUNIC SYSTEM Co., Ltd.,선익시스템,171090,박재규, 이영종,K,1101110700555,1258113079,경기도 수원시 권선구 산업로155번길 293(고색동),www.sunic.co.kr,,02-8012-1600,031-217-4476,292,19900524,12
(주)알티캐스트,Alticast Corporation,알티캐스트,085810,한만수,K,1101111643736,2118648990,서울특별시 서초구 반포대로 27파크빌딩 6층,www.alticast.co.kr,,02-2007-7700,02-2007-7797,58222,19990201,12
(주)보진재,Pochinchai,보진재,030950,김정선,E,1101110005432,1078113635,서울특별시 영등포구 당산로 237 (당산동 6가) 그린빌 402호,www.pochinchai.co.kr,,031-955-1112,031-943-3234,18119,19690408,12
롯데손해보험(주),Lotte Non-Life Insurance Co., Ltd.,롯데손해보험,000400,김현수,Y,1101110014459,1048130770,서울특별시 중구 소월로 3 롯데손해보험빌딩,www.lotteins.co.kr,,02-1588-3344,02-757-5737,65121,19460520,12
씨큐브(주),CQV Co., Ltd.,씨큐브,101240,장길완,K,1543110010576,3018147023,충청북도 진천군 진천읍 성중로 144 시큐브,www.cqv.co.kr,,043-531-2500,043-536-0314,20131,20001020,12
에이피위성(주),Asia Pacific Satellite lnc.,AP위성,211270,류장수,K,1101114531045,1198638269,서울특별시 금천구 가산디지털2로 98 IT캐슬 2동 9층,www.apsi.co.kr,,02-2026-7800,02-2026-7771,2642,20110210,12
(주)팬젠,Pangen Biotech Inc.,팬젠,222110,김영부, 윤재승,K,1311110248194,1298642227,경기도 수원시 영통구 신원로 306, 2동 4층(원천동 영통이노플렉스),www.pangen.com,,031-733-9165,031-733-9167,212,20100129,12
서울식품공업(주),SEOUL FOOD IND CO.,LTD,서울식품공업,004410,서성훈,Y,1101110059702,1348107983,충청북도 충주시 충원대로 862,seoul-food.co.kr,,043-720-7000,03454917911,10712,19551017,12
(주)형지아이앤씨,HYUNGJI Innovation and Creative Company Limited,형지I&C,011080,최혜원,K,1101110192271,1198105079,서울특별시 강남구 도곡로 206 (도곡동, 지오빌딩),www.woosunginc.com,,02 -2107 -6513,02-2107-6544,1419,19760225,12
(주)디지탈옵틱,Digital Optics Co., Ltd.,디지탈옵틱,106520,곽윤식,K,1101111905706,1208604740,경기도 화성시 동탄면 동탄산단2길 47 4층,www.digitaloptics.co.kr,,02-538-5370,031-319-0865,273,20000314,12
한화에이스기업인수목적3호(주),Hanwha Ace Special Purpose Acquisition 3rd Co., LTD.,한화에이스스팩3호,264290,장승훈,K,1101116304911,3058800596,서울특별시 영등포구 여의대로 56 한화투자증권 10층,hanwha-ace-spac3.co.kr,,02-3772-7762,,661,20170201,12
유앤아이(주),U&I CORPORATION,유앤아이,056090,구자교,K,1101111453648,2178113679,경기도 의정부시 산단로76번길 20,www.youic.com,,031-860-6800,031-852-0107,27192,19970821,12
동부제5호기업인수목적주식회사,Dongbu No.5 Special Purpose Acquisition Co.,Ltd.,동부스팩5호,281740,김성익,K,1101116525723,8938600629,서울특별시 영등포구 국제금융로8길 32,-,,02-369-3062,02-761-2305,661,20170922,12
불교텔레비전(주),Buddhist Television Network Co.Ltd,불교텔레비전,,강성태, 구본일,E,1101111017353,1058163314,서울특별시 서초구 남부순환로 2265 (방배동),www.btn.co.kr,,02)3270-3300,02)3270-3350,6022,19940309,12
엔에이치엔한국사이버결제(주),NHN KCP Corp.,NHN한국사이버결제,060250,박준석,K,1101111113929,1058168890,서울특별시 구로구 디지털로26길 72 -,www.kcp.co.kr,,(02)2108-1000,0504-984-9901,639,19941228,12
아이비케이에스제7호기업인수목적주식회사,IBKS No.7 Special Purpose Acquisition Company,IBKS제7호스팩,276920,문대우,K,1101116466711,2028600779,서울특별시 영등포구 국제금융로6길 11, 9층(여의도동),없음,,02-6915-5333,,6619,20170720,12
(주)경인양행,KYUNG-IN SYNTHETIC CORPORATION,경인양행,012610,김흥준,조성용 (각자대표이사),Y,1201110005703,1378100562,인천광역시 서구 건지로 199 (석남동) 223-52,www.kyungin.co.kr,,032-571-7498,02-3660-7849,20132,19771014,12
케이디켐(주),KDCHEM CO., LTD.,케이디켐,221980,민남규,K,1341110013255,3028103955,충청북도 보은군 보은읍 매화구인로 345,www.kdchem.kr,,043-543-8430,031-492-9860,2049,19860718,12
(주)에이스침대,AceBed,에이스침대,003800,안성호,K,1311110002772,1298102666,경기도 성남시 중원구 사기막골로105번길 42,www.acebed.co.kr,,043 -877 -1881,043 -877 -1889,32029,19770512,12
(주)파나진,PANAGENE Inc.,파나진,046210,김성기,K,1701110007098,5058123225,대전광역시 유성구 테크노10로 54,www.panagene.com,,042-861-9295,054-335-8100,21300,19760707,12
참엔지니어링(주),Charm Engineering Co.,Ltd.,참엔지니어링,009310,김규동,Y,1746110001096,5068100661,경기도 용인시 처인구 남사면 형제로 5,www.charmeng.com,,031-330-8500,031-8018-6750,29271,19731004,12
(주)인트로메딕,IntroMedic Co., Ltd.,인트로메딕,150840,조용석, 김남중 (각자대표이사),K,1101113078907,2208691337,서울특별시 구로구 디지털로31길 41 이앤씨벤처드림타워6차 1105호,www.intromedic.co.kr,,02-801-9300,02-801-9330,27199,20040903,12
(주)푸른상호저축은행,Pureun Mutual Savings Bank,푸른저축은행,007330,송명구, 구혜원 (각자대표이사),K,1101110117211,1148164092,서울특별시 서초구 강남대로 581,www.pureunbank.co.kr,,02 -545 -9000,02-545-0565,64132,19710629,12
(주)엑셈,EXEM CO., LTD.,엑셈,205100,조종암,K,1101115496868,1078827157,서울특별시 강서구 양천로 583 에이동 1208호(염창동, 우림비즈니스센터),www.ex-em.com,,02-6203-6300,02-2093-2840,58221,20140821,12
(주)아이즈비전,EYESVISION CORPORATION,아이즈비전,031310,이통형,K,1801110132801,6078134770,서울특별시 영등포구 여의공원로 101 여의도동 CCMM빌딩 7층 701호702호,www.eyesvision.com,,02-6330-5051,051 -850 -5299,612,19920909,12
(주)한솔케미칼,Hansol Chemical Co., Ltd,한솔케미칼,014680,박원환,Y,1101110270895,1028134955,서울특별시 강남구 테헤란로 513K Tower 7F / 8F,www.hansolchemical.com,,02-2152-2326,02-2152-2391,20129,19800313,12
LS전선(주),LS Cable & System Ltd.,LS전선,,명노현,E,1341110168357,1388147634,경기도 안양시 동안구 엘에스로 127 LS타워,,,02-2189-9114,02-2189-9469,2830,20080702,12
신라섬유(주),SillaTextile,신라섬유,001000,박재흥,K,1701110014522,5028101407,대구 동구 각산동 291-1,무,,053-960-1246,0539625111,68112,19760308,12
(주)흥국,HEUNGKUK METALTECH CO.,LTD.,흥국,010240,류명준,K,1345110001228,1358100912,충청남도 아산시 둔포면 아산밸리로 357,www.heungkuk.co.kr,,041-546-7771,041-546-7391,29241,19741017,12
아이쓰리시스템(주),i3system Inc.,아이쓰리시스템,214430,정한,K,1601110072738,3148123158,대전광역시 유성구 테크노5로 69,www.i3system.com,,070-4162-0781,042-931-2555,2629,19980711,12
(주)앤알커뮤니케이션,NRCommunication,앤알커뮤니케이션,,성호종,E,1101111823891,2208172145,경기도 수원시 영통구 센트럴타운로 114-8 (이의동, 농업회사법인(주)농우바이오) 3층,www.nrcom.com,,02-565-6016,031-267-9619,4610,19991213,12
주식회사 서울개인택시복지법인,Seoul Private Taxcab Welfare Co.,Ltd,서울개인택시복지법인,,이용제,E,1101116335669,1578800624,서울특별시 송파구 올림픽로 319 (신천동, 새마을교통회관), 7층,,,02-569-2220,02-569-2242,4771,20170306,12
대한제강(주),DAEHAN STEEL CO.,LTD,대한제강,084010,오치훈,Y,1801110003268,6038113259,부산광역시 사하구 하신번영로 69,www.idaehan.com,,02-1670-3300,051-998-8893,2411,19540610,12
주식회사 화승엔터프라이즈,HWASEUNG ENTERPRISE CO.,LTD,화승엔터프라이즈,241590,이계영,Y,1101115891943,6858100299,부산광역시 연제구 중앙대로 1079 장천빌딩 6층 (연산동, 장천빌딩),www.hsenterprise.co.kr,,02-588-8042,02-588-8045,6499,20151117,12
(주)지트리비앤티,G-treeBNT Co., Ltd.,지트리비앤티,115450,양원석,K,1601110099451,3148133883,경기도 성남시 분당구 정자일로 248 2201,-,,031-786-7800,031-786-7801,262,20000607,12
오케이캐피탈(주),OK Capital Co., Ltd.,오케이캐피탈,,김인환,E,1101110175087,1028111985,서울특별시 중구 세종대로 39,https://www.okaycapital.co.kr/,,1577-5001,02-6362-5499,64911,19750120,12
하나금융10호기업인수목적 주식회사,HANA FINANCIAL 10TH SPECIAL PURPOSE ACQUISITION COMPANY,하나금융10호스팩,270520,이방호,K,1101116383543,5808600757,서울특별시 영등포구 의사당대로 82(여의도동),,,02-3771-3423,,66199,20170420,12
(주)민앤지,Minwise Co., Ltd,민앤지,214180,이현철,K,1101114063535,2148839117,서울특별시 강남구 테헤란로34길 6 태광타워 13층,www.minwise.co.kr,,02-929-4463,02-929-4424,63991,20090319,12
(주)동방선기,Dongbang Ship Machinery Co., Ltd,동방선기,099410,김성호, 홍존근(각자 대표이사),K,1941110002884,6098119396,경상남도 창원시 진해구 명제로 73,www.dongbangsm.co.kr,,055-545-0882,055-545-0883,31114,19940706,12
화성밸브(주),HS VALVE CO., LTD,화성밸브,039610,장원규, 장성필(각자대표),K,1701110030958,5038108664,대구광역시 서구 팔달로2길 29 화성,www.hsvalve.co.kr,,053 -353 -5789,053-352-1179,29133,19870427,12
농협금융지주 주식회사,NongHyup Financial Group Inc.,농협금융지주,,김광수,E,1101114809450,1048639683,서울특별시 중구 새문안로 16 농협금융지주 주식회사,www.nhfngroup.com,,02-2080-5114,,64992,20120302,12
(주)누리텔레콤,NURI Telecom CO., LTD.,누리텔레콤,040160,조송만, 김영덕(각자 대표이사),K,1101111029671,1168134196,서울특별시 서초구 사평대로 16(방배동 750-14번지),www.nuritelecom.com,www.nuritelecom.co.kr,02-781-0700,027810704,58221,19940418,12
(주)미래생명자원,MILAE BIORESOURCES CO., LTD.,미래생명자원,218150,김성진,K,1101115687615,4928800056,서울특별시 송파구 법원로9길 26 D동 506 ~ 512호(문정동, H business PARK),www.milaebio.com,http://www.milaebio.com,02-2203-7397,02-2203-7398,108,20150406,12
쿼럼바이오 주식회사,Quorum Bio Co.,Ltd.,쿼럼바이오,,심재현,E,2849110112034,1418133039,서울특별시 종로구 대학로 101 (연건동, 서울대학교병원) 서울대학교 치의학 대학원 생체연구동501-1호,www.quorumbio.com,,02-762-2830,070-8277-4023,27199,20130111,12
대주코레스(주),KORES CO.,LTD,대주코레스,008340,박주정,E,1101110138168,1348100961,전라북도 완주군 봉동읍 완주산단6로 266,www.kores21.com,,063-263-3505,063-263-3508,24222,19721229,12
(주)에이치알에스,HRS Co., Ltd,HRS,036640,김진성,K,1244110001008,1368101710,경기도 평택시 팽성읍 추팔산단2길 7,www.hrssilicone.com,,02 -780 -6156,02 -785 -7643,20202,19810630,12
엔에이치투자증권(주),NH INVESTMENT & SECURITIES CO.,LTD.,NH투자증권,005940,정영채,Y,1101110098130,1168103693,서울특별시 영등포구 여의대로 60 우리투자증권빌딩,www.nhqv.com,,02-768-7000,768-7229,66121,19690116,12
(주)휴비스,HUVIS CORPORATION,휴비스,079980,신유동,Y,1101112102070,2158198804,서울특별시 강남구 학동로 343,www.huvis.com,,02-2189-4567,02-2189-4739,20501,20001101,12
(주)에스텍시스템,S-Tec System,에스텍시스템,,이병화,E,1101111627144,2028162708,서울특별시 강남구 개포로 619 강남우체국빌딩 9층 (개포동),www.s-tec.co.kr,,02-2142-8123,02-2142-8179,75310,19990101,12
(주)이랜텍,Elentec Co., Ltd,이랜텍,054210,이세용,K,1345110002375,1248139417,경기도 수원시 영통구 삼성로268번길 37,www.elentec.co.kr,,070-7098-8071,031)211-9696,262,19820121,12
(주)농심,NONGSHIM CO.,LTD,농심,004370,신동원, 박 준,Y,1101110057574,1188103914,서울특별시 동작구 여의대방로 112,www.nongshim.com,,02-820-7114,02-820-7044,107,19650918,12
(주)구영테크,GUYOUNGTECHNOLOGY COMPANY LIMITED,구영테크,053270,이희화,K,1747110001791,5058104626,대구광역시 달성군 구지면 국가산단대로39길 119 (창리),www.guyoungtech.com,,053-592-6111,054-334-7387,303,19891109,12
주식회사 플레이위드,PLAYWITH Inc.,플레이위드,023770,김학준,K,1601110007660,3068106027,경기도 성남시 분당구 판교로 256번길 25, 제C동,www.playwith.co.kr,,031-724-2400,031-724-2422,582,19840725,12
(주)넥스트사이언스,NEXT SCIENCE Co.,Ltd.,넥스트사이언스,003580,이을규,Y,1449110000072,2258100025,강원도 정선군 사북읍 동탄길 32,www.dongwoncorp.com,,02-6925-4450,02-6925-4449,072,19620924,12
(주)성도이엔지,SUNGDO Engineering & Construction.,성도이엔지,037350,서인수, 강창열(각자대표이사),K,1101110574669,2208110950,서울특별시 강남구 영동대로106길 42,www.sungdokorea.com,,02 -6244-5200,02 -6244-5399,721,19880513,12
(주)엠허브,M.Hub Inc.,엠허브,,추성호,E,1101111619729,2118648118,서울특별시 강남구 논현로 706 (논현동, 아이캐슬빌딩) 7층,www.m-hub.co.kr,,02-2056-3500,02-2056-3559,71392,19981214,12
더블유홀딩컴퍼니,W Holding Company Co., Ltd.,W홀딩컴퍼니,052300,윤기태,K,1601110048870,3148112966,서울특별시 강남구 언주로148길 19 청호빌딩 4층,www.shwa.co.kr,,02-6237-9786,02-3283-7979,529,19950817,12
어보브반도체(주),ABOV Semiconductor Co.,Ltd.,어보브반도체,102120,최원,K,1501110093926,3018188214,충청북도 청원군 오창읍 각리1길 93-,abov.co.kr,,02-2193-2200,043-272-3534,2612,20060111,12
(주)오뚜기,OTTOGI CORPORATION,오뚜기,007310,함영준,이강훈,Y,1341110002258,1388103238,경기도 안양시 동안구 흥안대로 405,www.ottogi.co.kr,,031-421-2122,02) 528 -1970,10749,19710603,12
주식회사 제주국제컨벤션센터,INTERNATIONAL CONVENTTION CENTER JEJU CO., LTD,제주국제컨벤션센터,,손정미,E,2201110021823,6168120339,제주특별자치도 서귀포시 중문관광로 224 (중문동, 제주국제컨벤션센터),www.iccjeju.co.kr,,064-735-1014,064-735-1099,75999,19970813,12
(주)에이원알폼,A ONE ALFORM CO., LTD.,에이원알폼,234070,안호중,N,1101113216276,2158670626,충청북도 괴산군 괴산읍 대제산단3길 46 -,www.aonealform.co.kr,,031-8017-5305,02-6205-5323,76310,20050426,12
한신공영(주),HANSHIN CONSTRUCTION CO.,LTD,한신공영,004960,태기전,최문규,Y,1101110075683,1148104605,경기도 용인시 처인구 백암면 덕평로 82,www.hanshinc.com,,02-3393-3114,02-3393-3159,41112,19670224,12
(주)모보,MOBO CO.,LTD,모보,051810,김창환,E,1201110017336,1398121321,경기도 오산시 경기대로 52-30 (갈곶동, (주)모보),www.mobocable.com,,031-831-2910,031-831-2999,28302,19840712,12
