crp_nm,crp_nm_e,crp_nm_i,stock_cd,ceo_nm,crp_cls,crp_no,bsn_no,adr,hm_url,ir_url,phn_no,fax_no,ind_cd,est_dt,acc_mt
(주)피제이메탈,PJ METAL CO., LTD,피제이메탈,128660,원경연,K,1101114382878,1208756037,서울특별시 강남구 테헤란로81길 13삼성동 동원빌딩 11층,-,,02-555-4451,02-558-5599,2429,20100630,12
컨버즈(주),CONBUZZ CO., LTD,컨버즈,109070,최우식, 곽종윤,Y,1313110088017,1258179538,경기도 용인시 처인구 이동면 백옥대로 563,www.k-paper.kr,,070-4858-4652,031-627-9370,172,20090225,12
(주)국영지앤엠,KUK YOUNG G M,국영지앤엠,006050,최재원,K,1101110103707,2078141843,서울시 서초구 서초중앙로 36 (서초동, 준영빌딩 7층),www.kukyong.com,,02-2015-0370,02 -2015-0399,231,19690507,12
(주)BYC,BYC CO.,LTD,BYC,001460,유 중 화,Y,1101110005995,1188103063,서울특별시 영등포구 도림천로21길 3,www.byc.co.kr,,02-840-3175,02-840-3177,14120,19550513,12
에코플라스틱(주),ECOPLASTIC CORPORATION,에코플라스틱,038110,서영종,김영석,K,1712110001253,5058102351,경상북도 경주시 공단로69번길 30 에코플라스틱(주),WWW.AP.CO.KR,,054-770-3255,054-771-3101,30320,19840601,12
(주)맥스로텍,MAXROTEC CO., LTD.,맥스로텍,141070,김인환,K,1741110009842,5148122180,대구광역시 달서구 성서로71길 40 -,www.maxrotec.com,,053-584-6540,053-584-6544,292,19950803,12
부국증권(주),BOOKOOK SECURITIES CO.,LTD,부국증권,001270,박현철,Y,1101110031510,1168108723,서울 영등포구 여의도동 34-2,www.bookook.co.kr,,02-368-9200,368-9293,66121,19540825,12
(주)호텔신라,HOTEL SHILLA CO.,LTD,호텔신라,008770,이부진,Y,1101110145519,2038143363,서울특별시 중구 동호로 249 (주) 호텔신라,www.hotelshilla.net,http://www.hotelshilla.net/kr/ir/public_info.jsp,02-2233-3131,2233-3795,47859,19730509,12
동성제약(주),DONGSUNG PHARMACEUTICAL CO.,LTD,동성제약,002210,이양구,Y,1101110008200,2118125288,서울특별시 도봉구 도봉로 683 (방학동) 동성빌딩,dongsung-pharm.co.kr,,02-6911-3600,0505-191-2631,21210,19571125,12
SK매직(주),SK Magic Co., Ltd,SK매직,,류권주,E,1101115125962,1048648203,서울특별시 중구 통일로 10,www.skmagic.com,http://company.skmagic.com,02-6740-7093,02-6740-7394,28520,20130502,12
(주)상상인,Sangsangin Co., Ltd.,상상인,038540,유준원, 이민식(각자 대표이사),K,1201110050104,1228118380,경기도 성남시 분당구 황새울로 358 -,www.texcell-netcom.co.kr,,02-2167-8500,0221678600,620,19890223,12
(주)서울옥션,SeoulAuctionCo.Ltd..,서울옥션,063170,이옥경,K,1101111627011,1018146818,서울 종로구 평창동 98,www.seoulauction.com,,02-395-0330~4,02-395-4419,4610,19981230,12
두올산업(주),DUALINDUSTRIALCo.,Ltd.,두올산업,078590,이창현 단독대표이사,K,1913110002354,6158103939,경남 밀양시 산내면 가인리 364번지,www.idual.co.kr,,055-352-4860,055-353-4863,303,19930825,12
삼진제약(주),SAMJIN PHARMACEUTICAL CO.,LTD,삼진제약,005500,최승주, 조의환, 장홍순, 최용주,Y,1101110088652,1058100769,서울특별시 마포구 와우산로 121 삼진제약사옥,www.samjinpharm.co.kr,,02-3140-0700,02-392-5312,21210,19680418,12
일양약품(주),ILYANG PHARMACEUTICAL CO.,LTD,일양약품,007570,김동연,Y,1101110124802,2098100872,경기도 용인시 기흥구 하갈로 110,www.ilyang.co.kr,,02-570-3700,02-570-3700,21210,19460701,12
(주)멜파스,Melfas Inc.,멜파스,096640,민동진,K,1101111870347,1198135461,경기도 성남시 분당구 판교역로 225-14,www.melfas.com,http://www.melfas.com/new/html/0501.asp,031-707-2280,031-707-2290,2629,20000202,12
(주)셀루메드,CELLUMED CO., LTD.,셀루메드,049180,유인수,K,1201110019225,1348101408,서울특별시 금천구 디지털로 130 402(가산동, 에이스테크노타워 9차),www.cellumed.co.kr,,02-3281-0471,02-2104-0478,21101,19850430,12
(주)네오위즈,NEOWIZ,네오위즈,095660,문지수,K,1101113667552,1208714245,경기도 성남시 분당구 대왕판교로645번길 14네오위즈판교타워,www.neowizgames.com,,031-8023-6600,031-8023-6503,5821,20070426,12
현대종합상사(주),HYUNDAI CORPORATION,현대종합상사,011760,정몽혁,Y,1101110205850,1018116269,서울특별시 종로구 율곡로2길 25 연합미디어센터빌딩 16층,www.hyundaicorp.co.kr,,02-390-1114,390-1053,46800,19761208,12
(주)우리은행,Woori Bank,우리은행,000030,손태승,E,1101110023393,2018102819,서울특별시 중구 소공로 51,www.wooribank.com,,02-2002-3000,02)2002-5625,64121,18990130,12
(주)삼원강재,SAMWONSTEEL Co.,Ltd.,삼원강재,023000,허재철, 장범석 (각자대표),Y,1746110014924,5068112319,경상북도 포항시 남구 대송면 철강산단로66번길 40,www.samwon-steel.co.kr,,054-278-1983-8,054-279-3597,303,19920721,12
(주)창해에탄올,Changhae Ethanol Co., Ltd.,창해에탄올,004650,임성우, 이연희,K,2013110000107,4168100072,전라북도 전주시 덕진구 원만성로 15,www.chethanol.com,,063-214-7800,063-214-7805,11121,19660616,12
크루셜텍(주),Crucialtec Co., Ltd.,크루셜텍,114120,안건준,K,1648110019948,3128148041,경기도 성남시 분당구 판교로 255 62 크루셜텍빌딩,crucialtec.com,,041-913-0001,041-913-0009,262,20010420,12
(주)코맥스,COMMAX Co., Ltd.,코맥스,036690,변봉덕, 변우석(공동 대표이사),K,1311110001964,1298101726,경기도 성남시 중원구 둔촌대로 494,www.commax.com,,031-739-3564,031-731-8797,2642,19761203,12
(주)이지,EG Co., Ltd,EG,037370,박지만,K,1615110003619,3058108153,충청남도 금산군 추부면 서대산로 459,www.egcorp.co.kr,,041 -750 -7777,041-750-7719,467,19870515,12
(주)디에스티로봇,DST ROBOT Co., Ltd.,디에스티로봇,090710,손영석(단독 대표이사),K,1101111817828,1098160401,충청남도 천안시 서북구 직산읍 4산단6길 27 -,www.dstrobot.com,,041-590-1830,041-590-1703,29280,19981129,12
(주)현대백화점,HYUNDAI DEPARTMENT STORE CO.,LTD,현대백화점,069960,정지선, 이동호, 박동운 (각자대표),Y,1101112644725,2118721455,서울특별시 강남구 압구정로 201,home.e-hyundai.com,,02-549-2233,02-3416-5240,47111,20021101,12
SBS미디어홀딩스(주),SBS Media Holdings,SBS미디어홀딩스,101060,신경렬,Y,1101113852856,1178164510,서울특별시 양천구 목동서로 161,www.sbsmedia.co.kr,,02-2113-5599,02-2113-5429,64992,20080304,12
삼성전기(주),SAMSUNG ELECTRO-MECHANICS CO.,LTD,삼성전기,009150,사장 이윤태,Y,1301110001626,1248100979,경기도 수원시 영통구 매영로 150,www.sem.samsung.co.kr,,031-210-5114,031-210-5087,2622,19730808,12
(주)동아지질,Dong-Ah Geological Engineering Company LTD.,동아지질,028100,이정우, 최재우,Y,1801110019843,6218112675,부산광역시 금정구 금샘로 347 동아지질,www.dage.co.kr,,051-580-5550,051-580-5521,421,19731130,12
케이씨그린홀딩스(주),KC Green Holdings Co.,Ltd.,KC그린홀딩스,009440,이태영,Y,1101110155683,1058170848,서울특별시 마포구 상암산로 34디지털큐브 12층,www.kcgreenholdings.com,,02-320-6311,023206353,64992,19731127,12
(주)한라홀딩스,Halla Holdings Corporation,한라홀딩스,060980,홍석화, 최경선,Y,1313110030042,1258130627,경기도 용인시 기흥구 기흥단지로 46 -,www.hallaholdings.com,,02-3434-6363,02-526-0555,64992,19991127,12
(주)이녹스첨단소재,INNOX Advanced Materials Co., Ltd.,이녹스첨단소재,272290,장경호, 김필영,K,1648110105010,5018600680,충청남도 아산시 둔포면 아산밸리로 171,www.innoxamc.com,,031-727-9102,041-531-2772,2629,20170601,12
일동홀딩스(주),ILDONG HOLDINGS CO.,LTD,일동홀딩스,000230,이정치,Y,1101110012776,2298114690,서울특별시 서초구 바우뫼로27길 2 일동제약빌딩,www.ildong.com,,02-526-3114,025263045,64992,19410314,12
(주)보광산업,BoKwang Industry Co.,Ltd,보광산업,225530,김윤수,K,1743110003882,5088116437,대구광역시 북구 유통단지로3길 40,www.bokwangindustry.co.kr,,053-384-0881,053-351-6711,072,20040827,12
(주)대유에이텍,DAYOU AUTOMOTIVE SEAT TECHNOLOGY CO., LTD,대유에이텍,002880,권의경,라현근 ( 각자 대표이사 ),Y,1115110000136,1278100094,광주광역시 광산구 소촌로123번길 40-12,www.dayouat.co.kr,,062-940-8672,062-943-8631,303,19600116,12
아시아나항공(주),Asiana Airlines Inc.,아시아나항공,020560,한창수,Y,1101110562804,1048117480,서울특별시 강서구 오정로 443-83,www.flyasiana.com,,02-2669-3114,02-2127-8260,511,19880217,12
위례에너지서비스 주식회사,Wirye Energy Service Co.,위례에너지서비스,,배명호,E,1101114926006,1018673756,경기도 하남시 학암로10번길 3-14 (학암동),,,02-2121-3394,02-2121-3692,35300,20120725,12
(주)테라젠이텍스,THERAGEN ETEX CO.,LTD.,테라젠이텍스,066700,고진업, 류병환, 황태순,K,1101110724107,1338122943,경기도 안산시 단원구 산단로 68번길 58(초지동),www.thera-gen.com,,(031)497-4100,0234638111,21210,19900927,12
롯데렌탈(주),LOTTE rental co.,ltd.,롯데렌탈,,이훈기,E,1101113326588,2148779183,경기도 안양시 동안구 전파로 88 신원비젼타워 8층 (호계동),www.lotterental.com,,02-3404-9915,,76110,20051017,12
(주)우성사료,WOOSUNG FEED CO.,LTD,우성사료,006980,한재규,Y,1601110001167,3058120439,대전광역시 대덕구 한밭대로 1027,www.woosungfeed.co.kr,,042-670-1724,042-670-1793,106,19701230,12
(주)녹십자랩셀,Green Cross Lab Cell Corporation,녹십자랩셀,144510,박대우,K,1345110172532,1428137741,경기도 용인시 기흥구 이현로30번길 107,www.gclabcell.com,,031-260-9300,031-260-9232,73909,20110621,12
(주)에프티이앤이,Finetex EnE, Inc.,에프티이앤이,065160,김용원(단독대표),K,1101111424384,1138143532,서울특별시 서초구 효령로 23-1,www.ftene.com,,02-3489-3300,02-3482-0854,20501,19970610,12
(주)코리아써키트,KOREA CIRCUIT CO.,LTD,코리아써키트,007810,서정호,Y,1301110026749,1348107528,경기도 안산시 단원구 강촌로139번길 9,www.kcg.co.kr,,031-491-3061,031-436-5469,2622,19720411,12
(주)현대케피코,HYUNDAI KEFICO,현대케피코,,박정국,E,1101110543169,1238120157,경기도 군포시 고산로 102,www.hyundai-kefico.com,,031-450-9071,031-450-9067,30,19870903,12
아피메즈 주식회사,Apimeds,Inc,아피메즈,,유인수,E,1101112861965,2018184674,경기도 성남시 중원구 둔촌대로 537 (상대원동, 쌍용IT트윈타워A동),www.apimeds.com,,031-702-0800,031-702-0801,27111,20030923,12
제이씨케미칼(주),JC Chemical Corporation, LTD.,제이씨케미칼,137950,윤사호,K,1358110124726,1358185115,울산광역시 울주군 온산읍 화산1길 70,www.jcchemical.co.kr,,02-6321-1333,027615404,2049,20060324,12
(주)셀바스에이아이,SELVAS AI Inc.,셀바스AI,108860,곽민철, 김경남(각자대표),K,1101111673816,1148187983,서울특별시 금천구 가산디지털1로 19 대륭테크노타운 18차 20층,www.selvasai.com,,02-6190-7500,02-6333-6769,5822,19990331,12
삼환기업(주),SAMWHAN CORPORATION,삼환기업,000360,이계연,E,1101110020307,1018100452,서울특별시 강남구 언주로 547 (역삼동)12,13 층 삼환기업(주),www.samwhan.co.kr,,02-740-2391,02-740-2339,41221,19460315,12
서울반도체(주),SEOUL SEMICONDUCTOR CO., LTD.,서울반도체,046890,이정훈, 유현종(각자대표),K,1101110522436,1128113675,경기도 안산시 단원구 산단로 163번길 97-11,www.seoulsemicon.co.kr,,02-1566-2771,02-500-7600,2612,19870305,12
(주)동구바이오제약,DongKoo Bio & Pharma Co., Ltd.,동구바이오제약,006620,조용준,K,1101110352156,1138103336,서울특별시 송파구 법원로 114, B동 14층,www.dongkoo.com,,02-2684-5421,02-2681-1880,21210,19830701,12
극동유화(주),KUKDONG OIL & CHEMICALS CO.,LTD,극동유화,014530,장홍선, 장선우 (각자대표),Y,1845110001335,6218100510,경상남도 양산시 어실로 101,www.kdoc.co.kr,,055-370-9900,055-383-9918,19221,19791228,12
대영포장(주),DAEYOUNG PACKAGING CO.,LTD,대영포장,014160,권혁홍, 권택환,Y,1101110254104,1348101183,경기도 안산시 단원구 산단로 265 (원시동, 대영포장(주)),www.dypc.co.kr,,031-490-9300,02)3472-5811,1721,19790601,12
(주)아리온테크놀로지,ARIONTECHNOLOGYINC.,아리온,058220,허필호,K,1341110069357,1238151500,경기도 안양시 동안구 시민대로327번길 24 (관양동),www.arion.co.kr,,031-361-3000,031-361-3099,264,19991028,12
(주)메디파트너생명공학,Medipartner Biotechnology. Co., Ltd.,메디파트너생명공학,015540,문정호, 김종민,Y,1101110302565,1188103215,서울특별시 강남구 봉은사로 218 5층(역삼동 메디파트너빌딩),www.medi-plant.co.kr,,02-3404-3222,02-733-5190,759,19810902,12
(주)큐엠씨,QMC Co., Ltd.,큐엠씨,136660,유병소,N,1341110109947,1238190560,경기도 안양시 동안구 흥안대로439번길 55 (관양동, QMC),www.iqmc.co.kr,,031-427-0710,031-424-0714,2927,20030729,12
서울도시가스(주),SEOUL CITY GAS CO.,LTD,서울도시가스,017390,공동대표이사 박근원 공동대표이사 김진철,Y,1101110360399,1098131605,서울특별시 강서구 공항대로 607 (염창동),www.seoulgas.co.kr,,02-810-8000,3660-8077,35200,19831128,12
(주)한화,HANWHA CORP,한화,000880,금춘수, 김연철, 이민석, 옥경석,Y,1101110002959,2028116825,서울특별시 중구 청계천로 86 24층,www.hanwhacorp.co.kr,www.hanwhacorp.co.kr,02-729-1114,0505-730-3333,20494,19521028,12
(주)미래아이앤지,MiraeING.Co.,Ltd.,미래아이앤지,007120,김학수,Y,1101110100951,1148110728,서울특별시 강남구 도산대로 514 청담동,www.miraeing.co.kr,,02-3470-4400,02-581-3107,620,19710301,12
(주)이씨스,ESSYS CO,. LTD.,이씨스,,김용범,E,1101113298068,1068638429,인천광역시 연수구 갯벌로 55 (송도동, Essys연구소),www.essys.co.kr,,032-215-0800,032-215-0827,26429,20050831,12
(주)서울제약,SEOUL PHARMA CO.,LTD,서울제약,018680,황우성,K,1301110008721,1338130405,충청북도 청주시 흥덕구 오송읍 오송생명6로 124-31 서울제약 오송공장,www.seoulpharma.com,,02-3470-2300,02 -597-1925,21210,19851223,12
(주)케이피에프,KPF,케이피에프,024880,송무현, 김형노,K,1301110010841,1348102988,경기도 성남시 분당구 운중로 136 판교송현타워,www.kpf.co.kr,,043-849-1114,02 -818 -8779,259,19631031,12
(주)일신바이오베이스,ilShinbiobase Co., Ltd.,일신바이오,068330,홍성대,K,1101111079155,1278164875,경기도 동두천시 삼육사로548번길 84,http://www.ilshinlab.co.kr,,031-867-1384,031-867-1387,29171,19940927,12
(주)가비아,GABIA,Inc.,가비아,079940,김홍국,K,1101111777585,2148639239,경기도 성남시 분당구 대왕판교로 660 유스페이스1 B동 401호,501호,www.gabia.com,,1544-4370,02-848-6626,58221,19990921,12
대양전기공업(주),DAEYANG ELECTRIC CO.,LTD,대양전기공업,108380,서영우,K,1801110081389,6038109788,부산광역시 사하구 장평로 245,daeyang.co.kr,,051-200-5331,051.200.5310,31114,19880701,12
엘지이노텍(주),LG INNOTEK CO.,LTD,LG이노텍,011070,정철동,Y,1101110192180,1058174316,서울특별시 중구 후암로 98 LG서울역빌딩,www.lginnotek.co.kr,,02-3777-1114,(02)3777-0241,262,19760224,12
(주)대우건설,DAEWOO ENGINEERING & CONSTRUCTION CO.,LTD,대우건설,047040,김형,Y,1101112137895,1048158180,서울특별시 종로구 새문안로 75 (주)대우건설,daewooenc.co.kr,,02-2288-3114,02-2288-3620,41112,20001227,12
케이비증권 주식회사,KB SECURITIES CO.,LTD,케이비증권,003450,박정림, 김성현,E,1101110042476,1168129539,서울특별시 영등포구 여의나루로 50 (여의도동, 한국교직원공제회관),www.kbsec.com,,02-6114-0114,02-6114-5753,66121,19620601,12
(주)에스에이엠티,SAMT CO.,LTD.,에스에이엠티,031330,박두진,K,1101110707674,1208105647,서울특별시 강남구 영동대로 315 대경빌딩,www.isamt.com,,02-3458-9000,0234589100,4659,19900627,12
(주)와이솔,WiSoL Co.,LTD.,와이솔,122990,김지호, 염상덕,K,1358110154111,1358198089,경기도 오산시 가장로 531-7(가장동),www.wisol.co.kr,,070-7837-6240,031-210-5554,2629,20080624,12
코리안리재보험(주),Korean Reinsurance Company,코리안리,003690,원종규,Y,1101110226533,1028116957,서울특별시 종로구 종로5길 68 (수송동) 코리안리빌딩,www.koreanre.co.kr,,02-3702-6000,739-3754,65200,19630319,12
(주)에스제이엠,SJM CO.,LTD,에스제이엠,123700,김휘중 (단독 대표이사),Y,1314110241465,1348666202,경기도 안산시 단원구 별망로459번길 20 (주)에스제이엠,-,,031-490-3838,031-491-3799,303,20100504,12
주식회사 코리아로터리 서비스,korea lottery servies co,코리아로터리서비스,,남기태,E,1101110584080,1148137557,충청남도 천안시 동남구 만남로 82 ,6층 (신부동, 소암빌딩),http://www.klsc.co.kr,,041-629-4000,041-568-0799,62021,19900302,12
(주)지엠피,Gmp,지엠피,018290,정철, 김양평(공동대표이사),K,1101110509872,2028135574,경기도 파주시 산업단지길 139 (주)G.M.P,www.gmp.co.kr,,031 -943 -4600,031 -942 -8812,263,19861107,12
(주)국보,KUKBO TRANSPORTATION CO.,LTD,국보,001140,김영철,Y,1101110296073,1048124870,서울특별시 중구 소공로 88,www.kukbo.com,,02-765-5544,02)765-5550,49301,19531228,12
(주)슈펙스비앤피,SUPEX BNP CO., LTD.,슈펙스비앤피,058530,윤강혁,K,1101111005879,1078144588,경기 안산시 단원구 성곡동 728-3 시화공단 4바 204호,www.supexbnp.com,www.supexbnp.com,031-628-2603,031-628-2626,464,19940125,12
(주)레온,LEON,레온,,장병익,E,1341110203864,1388166418,경기도 안산시 단원구 별망로 572 (원시동),leon-hq.com,,031-434-3412,031-494-8355,2622,20110326,12
삼아제약(주),Sam-A Pharm. Co. Ltd,삼아제약,009300,허 준, 허미애 (각자 대표이사),K,1341110000765,1388105823,강원도 원주시 문막읍 동화공단로 49,www.samapharm.co.kr,,02-2056-7200,02-2056-7388,21210,19731004,12
(주)농심홀딩스,Nongshim Holdings,농심홀딩스,072710,신동원,Y,1101112819005,1088161052,서울특별시 동작구 여의대방로 112 (신대방동),www.nongshimholdings.co.kr,,02-820-7820,02-820-7828,64992,20030710,12
(주)비지에프,BGF CO., LTD.,BGF,027410,이건준,Y,1101111105215,1208144752,서울특별시 강남구 테헤란로 405,www.bgf.co.kr,,1577-3663,02-7081398,64992,19941201,12
(주)E1,E1 Corporation,E1,017940,구자용 사장,Y,1101110381387,1148116585,서울특별시 용산구 한강대로 92 LS용산타워,www.e1.co.kr,,02-3441-4114,(02) 6204-1407,46713,19840906,12
(주)와이제이엠게임즈,YJM Games Co., Ltd.,와이제이엠게임즈,193250,민용재,K,1101113016999,2048185390,서울특별시 강남구 테헤란로77길 11-9 삼성타워 8층,yjmgames.com,,02-591-1310,02-592-7995,2629,20040521,12
코오롱인더스트리(주),KOLON INDUSTRIES, INC.,코오롱인더,120110,장희구,Y,1353110013606,1388156604,서울특별시 강서구 마곡동로 110 코오롱 One&Only 타워,-,,3677-3114,02-3677-3379,205,20100105,12
아진산업(주),A-JIN INDUSTRY CO.,LTD,아진산업,013310,서중호,K,1701110008913,5158107635,경상북도 경산시 진량읍 공단8로26길 40,www.wamc.co.kr,,053-856-9100,0507-883-8110,303,19780531,12
(주)바이오리더스,Bioleaders Corporation,바이오리더스,142760,박영철,K,1601110091332,3148129870,경기도 용인시 수지구 신수로 767 7층 (동천동, 분당수지유타워 지식산업센터),www.bioleaders.co.kr,,042-934-7671,042-934-7670,701,19991230,12
삼원테크(주),SAM WON TECH Co., LTD,삼원테크,073640,이종석,K,1901110021119,6098124002,경남 창원시 성주동 30-5번지,www.samwon-tech.com,,055-213-7000,055-213-7003,25929,19931019,12
(주)티로보틱스,T-Robotics co., Ltd.,티로보틱스,117730,안승욱,K,1311110126936,1298178206,경기도 오산시 가장동 377-1 ;,www.t-robotics.net/,,031-716-4507,031-716-4509,29271,20041027,12
코오롱티슈진(주),Kolon TissueGene, Inc.,코오롱티슈진,950160,이우석, 노문종,K,,20174063267,9605 Medical Center Dr. Suite 200, Rockville, MD 20850, USA,tissuegene.com,,1-301-921-6000,,21102,19990609,12
대보마그네틱(주),DAEBO MAGNETIC CO.,LTD.,대보마그네틱,290670,이준각,K,1101111114589,1308150004,경기도 화성시 팔탄면 현대기아로 25-13,www.daebo.com,,031-354-3960,031-354-7046,28909,19941229,12
케이씨코트렐(주),KC Cottrell Co., Ltd.,KC코트렐,119650,서동영,Y,1101114255463,1058738796,서울특별시 마포구 상암산로 34디지털큐브 12층,www.kc-cottrell.com,,02-3206-311,02-320-6100,291,20100106,12
(주)케이엠에이치하이텍,KMH HITECH CO.,LTD,KMH하이텍,052900,이상국,K,1648110010780,3128125747,충청남도 아산시 음봉면 연암율금로 330 비아이이엠티,www.kmhhitech.com,,(041)539-6114,041-539-6120,2224,19970305,12
(주)금빛,GeumVit Corp,GV,045890,김철현,K,1211110068750,1308161229,경기도 부천시 오정구 산업로104번길 14 (오정동) 동부라이텍(주),www.fawoo.co.kr,,032-670-3000,032-670-3107,284,19990715,12
엘티씨(주),LTC CO.,LTD.,엘티씨,170920,최호성,K,1341110160494,1388143899,경기도 화성시 마도면 청원산단8길 114 (경기화성바이오밸리),www.l-tech.co.kr,,031-383-6525,031-383-6527,20119,20071123,12
대성홀딩스(주),DAESUNG HOLDINGS CO., LTD.,대성홀딩스,016710,김영훈, 김정주(공동대표이사),Y,1701110017237,5038106405,대구광역시 중구 명덕로 85 대성홀딩스,www.taegugas.co.kr,,053-606-1000,053-606-1004,715,19830131,12
(주)멕아이씨에스,MEKICS Co., Ltd,멕아이씨에스,058110,김종철,K,1341110063143,1388118411,경기도 파주시 상지석길 21,www.mek-ics.com,,070) 7119-2520,031-735-2761,27112,19981126,12
(주)이테크건설,eTEC E&C LIMITED,이테크건설,016250,이복영, 안찬규,K,1101110327555,2148189369,서울특별시 서초구 양재대로 246(염곡동),www.etecenc.com,,02-489-9000,02-489-8997,4112,19820914,12
(주)SPC삼립,SPC SAMLIP CO., LTD.,SPC삼립,005610,이명구,이석환(각자대표),Y,1101110090516,1338122244,경기도 시흥시 공단1대로 101,www.samlipgf.co.kr,,02-2276-5061,031-496-2271,10712,19680628,12
(주)원익홀딩스,WONIK HOLDINGS CO.,LTD.,원익홀딩스,030530,이재헌,박영규 각자대표,K,1243110033235,1338127249,경기도 평택시 칠괴길 78-40 78-40, Chilgoe-gil, Pyeongtaek-si, Gyeonggi- do, Korea,www.wonikholdings.kr,,031-659-2389,031-655-7115,64992,19910919,12
옴니시스템(주),OmnisystemCo.,Ltd,옴니시스템,057540,박혜린,K,1211110054981,1308151696,경기도 여주군 가남면 연삼로 284,www.omnisystem.co.kr,,031-883-5400,031-883-5462,272,19970217,12
(주)오리콤,ORICOM Inc,오리콤,010470,고영섭, 김성대(각자 대표이사),K,1101110176986,2118134531,서울특별시 강남구 언주로 726 두산빌딩,www.oricom.co.kr,,02-510-4077,025423966,71310,19750224,12
